Date,Close,Volume
2018-07-31,259.6940002441406,9138695
2018-08-01,260.85650634765625,8422445
2018-08-02,254.39822387695312,10325285
2018-08-03,260.2206115722656,13728745
2018-08-06,254.91485595703125,9478805
2018-08-07,255.09373474121094,8756960
2018-08-08,256.0078125,7585360
2018-08-09,253.81199645996094,7113895
2018-08-10,255.45143127441406,7697420
2018-08-13,255.779296875,9906555
2018-08-14,256.9417724609375,8026645
2018-08-16,247.4828338623047,28747470
2018-08-17,251.0299530029297,16269850
2018-08-20,253.315185546875,5273715
2018-08-21,251.05975341796875,5717355
2018-08-23,247.9398651123047,15759965
2018-08-24,249.29115295410156,11071805
2018-08-27,253.34500122070312,12497515
2018-08-28,255.37193298339844,8043980
2018-08-29,256.0674133300781,7367820
2018-08-30,253.97097778320312,11864215
2018-08-31,255.7991485595703,7848165
2018-09-03,252.1924591064453,10383735
2018-09-04,249.90719604492188,10007445
2018-09-05,246.04212951660156,11312730
2018-09-06,250.56295776367188,14738165
2018-09-07,247.3934326171875,7261450
2018-09-10,243.10110473632812,12189100
2018-09-11,239.73284912109375,11436865
2018-09-12,244.50205993652344,10526440
2018-09-14,246.32034301757812,9606245
2018-09-17,244.50205993652344,9308395
2018-09-18,241.50144958496094,11353325
2018-09-19,243.80657958984375,10385120
2018-09-21,234.52642822265625,22665640
2018-09-24,228.266845703125,17288950
2018-09-25,235.1523895263672,18880355
2018-09-26,232.3803253173828,12230885
2018-09-27,227.0248565673828,19836580
2018-09-28,226.85594177246094,17108015
2018-10-01,222.96109008789062,52675400
2018-10-03,218.24154663085938,14809870
2018-10-04,213.52198791503906,17195555
2018-10-05,209.0906219482422,18835195
2018-10-08,219.44381713867188,20339050
2018-10-09,220.26846313476562,15574240
2018-10-10,226.09088134765625,16926305
2018-10-11,221.6793670654297,11416085
2018-10-12,231.9331817626953,31383075
2018-10-15,232.5889434814453,15909195
2018-10-16,233.6421356201172,18427010
2018-10-17,233.6918487548828,23964220
2018-10-19,238.25238037109375,17833920
2018-10-22,231.30722045898438,21713015
2018-10-23,233.38381958007812,11187685
2018-10-24,233.91043090820312,21549170
2018-10-25,235.63926696777344,18069465
2018-10-26,230.23414611816406,9211060
2018-10-29,226.1604461669922,18556500
2018-10-30,223.31875610351562,9753165
2018-10-31,222.39474487304688,13824200
2018-11-01,220.48707580566406,13346585
2018-11-02,225.1867218017578,19503550
2018-11-05,224.4415283203125,7019100
2018-11-06,223.61685180664062,10531665
2018-11-07,225.4053192138672,817830
2018-11-09,225.65370178222656,8184035
2018-11-12,229.2604522705078,11436895
2018-11-13,231.6847686767578,10588105
2018-11-14,224.5309600830078,13534490
2018-11-15,230.95947265625,15245955
2018-11-16,232.22132873535156,9310215
2018-11-19,233.54281616210938,10028470
2018-11-20,232.48959350585938,9025805
2018-11-21,233.8309326171875,7162860
2018-11-22,232.6187744140625,6285445
2018-11-26,232.6088104248047,12281895
2018-11-27,233.20498657226562,8688795
2018-11-28,230.56204223632812,9754780
2018-11-29,241.034423828125,33036205
2018-11-30,245.20750427246094,15027475
2018-12-03,243.6475830078125,9089565
2018-12-04,243.4886016845703,7825650
2018-12-05,240.74630737304688,14282635
2018-12-06,234.53639221191406,15486500
2018-12-07,254.28890991210938,169038095
2018-12-10,238.13316345214844,94740175
2018-12-11,242.1770782470703,50392955
2018-12-12,245.84339904785156,32819995
2018-12-13,251.25848388671875,21138660
2018-12-14,249.5792999267578,13357645
2018-12-17,242.92227172851562,36928205
2018-12-18,245.83348083496094,18392330
2018-12-19,243.5581817626953,15160015
2018-12-20,245.67449951171875,11504770
2018-12-21,243.86618041992188,11040145
2018-12-24,246.11167907714844,7699145
2018-12-26,248.02931213378906,11896120
2018-12-27,246.45944213867188,13268690
2018-12-28,246.6780242919922,8700670
2018-12-31,249.6885986328125,11621760
2019-01-01,248.48634338378906,6012900
2019-01-02,246.52899169921875,8568385
2019-01-03,245.46585083007812,9129440
2019-01-04,247.9895782470703,7343980
2019-01-07,247.72129821777344,6057280
2019-01-08,244.20399475097656,8307640
2019-01-09,246.06198120117188,8238110
2019-01-10,242.34597778320312,8257215
2019-01-11,243.07131958007812,10646495
2019-01-14,240.79598999023438,6823475
2019-01-15,241.12387084960938,5769355
2019-01-16,239.0075225830078,11873245
2019-01-17,242.42547607421875,19672500
2019-01-18,246.44949340820312,12992860
2019-01-21,251.8943634033203,48926830
2019-01-22,256.6933898925781,45363400
2019-01-23,253.66297912597656,16292910
2019-01-24,251.92416381835938,7298880
2019-01-25,251.60621643066406,7206480
2019-01-28,250.47354125976562,10272960
2019-01-29,248.6751251220703,12957950
2019-01-30,242.87258911132812,13771160
2019-01-31,249.53956604003906,14843300
2019-02-01,249.52960205078125,10945770
2019-02-04,252.80845642089844,6896595
2019-02-05,254.18955993652344,9588910
2019-02-06,254.2591094970703,5793705
2019-02-07,255.26263427734375,5992050
2019-02-08,258.21356201171875,12407165
2019-02-11,258.64080810546875,15723375
2019-02-12,258.0645446777344,7410050
2019-02-14,255.70973205566406,12455555
2019-02-15,255.08377075195312,10034775
2019-02-18,253.77224731445312,6325865
2019-02-19,254.4478759765625,6341640
2019-02-20,256.29595947265625,6751010
2019-02-21,256.1767272949219,9095470
2019-02-22,245.9924774169922,419299520
2019-02-25,246.59854125976562,18677950
2019-02-26,245.64471435546875,25132855
2019-02-27,241.67034912109375,26943610
2019-02-28,241.06423950195312,43614180
2019-03-01,243.61778259277344,10814170
2019-03-05,246.49916076660156,15642255
2019-03-06,246.6680908203125,11534170
2019-03-07,245.85336303710938,7172805
2019-03-08,246.191162109375,5257165
2019-03-11,248.3074951171875,10326930
2019-03-12,251.04981994628906,17706800
2019-03-13,250.6325225830078,12127350
2019-03-14,252.16262817382812,12486930
2019-03-15,263.3305358886719,51967525
2019-03-18,267.0068359375,26923700
2019-03-19,267.821533203125,15586060
2019-03-20,268.5866394042969,19847040
2019-03-22,265.53631591796875,13100245
2019-03-25,260.0517272949219,14347820
2019-03-26,266.86773681640625,10255850
2019-03-27,264.8607177734375,15197290
2019-03-28,266.4305725097656,23083475
2019-04-01,266.1622619628906,15837560
2019-04-02,266.1722412109375,8877995
2019-04-03,265.1289367675781,13832830
2019-04-04,262.8833923339844,12964745
2019-04-05,265.4767150878906,8718645
2019-04-08,266.9273681640625,7939335
2019-04-09,266.5696716308594,11234215
2019-04-10,268.2488708496094,15156035
2019-04-11,266.91741943359375,6742865
2019-04-12,266.9670715332031,8524160
2019-04-15,273.0080871582031,14395115
2019-04-16,275.5019836425781,11663980
2019-04-18,272.1734619140625,12044680
2019-04-22,269.60009765625,12095540
2019-04-23,269.33184814453125,8098435
2019-04-24,271.59722900390625,9672055
2019-04-25,270.3353576660156,9037990
2019-04-26,274.08111572265625,12804320
2019-04-30,275.5318298339844,31052865
2019-05-02,279.4664306640625,23904025
2019-05-03,281.7417907714844,21348375
2019-05-06,280.2712097167969,10547535
2019-05-07,279.82415771484375,13933680
2019-05-08,278.6417541503906,12696575
2019-05-09,275.32318115234375,23523910
2019-05-10,277.8369140625,20748545
2019-05-13,276.0882263183594,8274820
2019-05-14,274.81640625,14651480
2019-05-15,277.3699645996094,10611000
2019-05-16,280.8177185058594,7116800
2019-05-17,290.12762451171875,18996095
2019-05-20,298.5830993652344,23343645
2019-05-21,295.6718444824219,16121390
2019-05-22,297.13238525390625,12493315
2019-05-23,298.02667236328125,28982870
2019-05-24,300.40130615234375,14366950
2019-05-27,303.91864013671875,11140315
2019-05-28,300.26220703125,9966510
2019-05-29,300.8385009765625,7254130
2019-05-30,305.10101318359375,14697095
2019-05-31,302.4779357910156,13801070
2019-06-03,304.2862548828125,6176510
2019-06-04,304.3061218261719,5872165
2019-06-06,300.9080505371094,10224595
2019-06-07,300.42120361328125,7669460
2019-06-10,298.5929870605469,8575750
2019-06-11,299.6064758300781,4724055
2019-06-12,294.7974853515625,8842145
2019-06-13,298.8711853027344,11516575
2019-06-14,292.8798522949219,9767550
2019-06-17,290.19720458984375,11831110
2019-06-18,290.4952697753906,12124090
2019-06-19,297.6391296386719,19456650
2019-06-20,301.7227783203125,12837830
2019-06-21,296.0494079589844,6074210
2019-06-24,292.2340087890625,10132655
2019-06-25,294.876953125,10262450
2019-06-26,296.2083740234375,11052310
2019-06-27,294.419921875,19302695
2019-06-28,293.5257263183594,9070430
2019-07-01,294.3404541015625,9521795
2019-07-02,292.4128723144531,9018660
2019-07-03,293.1083984375,13235240
2019-07-04,297.6391296386719,15129625
2019-07-05,301.4942626953125,14836600
2019-07-08,293.1679992675781,8961290
2019-07-09,290.6940002441406,11487100
2019-07-10,293.27734375,10903660
2019-07-11,295.0855712890625,7992455
2019-07-12,294.9862060546875,10362725
2019-07-15,299.84747314453125,8760770
2019-07-16,298.5252685546875,6757175
2019-07-17,305.1163635253906,31012670
2019-07-18,305.842041015625,11334100
2019-07-19,298.0182800292969,10471145
2019-07-22,289.15069580078125,17115785
2019-07-23,297.0440368652344,38298140
2019-07-24,297.6802673339844,14691180
2019-07-25,295.2645568847656,14194615
2019-07-26,300.59307861328125,8406765
2019-07-29,298.7340393066406,10498675
2019-07-30,297.978515625,8718740
2019-07-31,302.1240539550781,14739040
2019-08-01,297.4019470214844,11288765
2019-08-02,299.7480773925781,19354045
2019-08-05,290.30389404296875,19322730
2019-08-06,295.31427001953125,14153040
2019-08-07,293.5248718261719,11811905
2019-08-08,298.78375244140625,9660605
2019-08-09,304.6192626953125,12228295
2019-08-13,300.50360107421875,13829875
2019-08-14,296.6066589355469,11774540
2019-08-16,298.02825927734375,10848770
2019-08-19,297.5112609863281,7737990
2019-08-20,299.25103759765625,8623045
2019-08-21,299.3802490234375,7422075
2019-08-22,293.91259765625,9373755
2019-08-23,292.3120422363281,18078965
2019-08-26,300.7819519042969,10938390
2019-08-27,298.545166015625,13704020
2019-08-28,294.9862060546875,11455030
2019-08-29,288.4647521972656,19656835
2019-08-30,284.6075744628906,23587665
2019-09-03,281.19769287109375,13762825
2019-09-04,283.61346435546875,12098145
2019-09-05,280.37261962890625,11905115
2019-09-06,286.6156311035156,11226095
2019-09-09,292.5307312011719,16063780
2019-09-11,293.3061218261719,13024480
2019-09-12,289.7969055175781,12124770
2019-09-13,295.1054992675781,8842450
2019-09-16,293.25640869140625,9288840
2019-09-17,287.957763671875,6772930
2019-09-18,291.2283935546875,9272125
2019-09-19,288.81268310546875,7249365
2019-09-20,305.9613037109375,35797445
2019-09-23,326.1917419433594,34270145
2019-09-24,321.7182312011719,18852705
2019-09-25,318.4375915527344,17837720
2019-09-26,323.4579162597656,21540140
2019-09-27,326.76837158203125,12912805
2019-09-30,326.9571838378906,16789295
2019-10-01,327.70281982421875,14627680
2019-10-03,321.25091552734375,13272830
2019-10-04,310.79278564453125,27438405
2019-10-07,309.3016052246094,15227670
2019-10-09,320.57501220703125,12992150
2019-10-10,315.09735107421875,7847105
2019-10-11,315.683837890625,12129205
2019-10-14,315.2365417480469,10050950
2019-10-15,321.22113037109375,13532355
2019-10-16,319.222900390625,13431665
2019-10-17,319.0241394042969,10381745
2019-10-18,321.1515197753906,11788035
2019-10-22,323.8555603027344,24475410
2019-10-23,320.83343505859375,15426150
2019-10-24,320.74395751953125,8000005
2019-10-25,315.8529052734375,14335100
2019-10-27,316.7276916503906,988045
2019-10-29,313.2581787109375,15012650
2019-10-30,313.92425537109375,8386345
2019-10-31,313.0494384765625,12407105
2019-11-01,314.12310791015625,11098685
2019-11-04,312.36346435546875,7171965
2019-11-05,308.95367431640625,11316970
2019-11-06,312.36346435546875,11236175
2019-11-07,314.9382629394531,12559560
2019-11-08,318.1691589355469,19568135
2019-11-11,321.4796142578125,14617870
2019-11-13,319.2726745605469,13019170
2019-11-14,317.64227294921875,13196490
2019-11-15,322.6427001953125,10342030
2019-11-18,323.5274963378906,10074870
2019-11-19,322.8515319824219,7982410
2019-11-20,318.0101013183594,7812180
2019-11-21,317.175048828125,8369070
2019-11-22,311.975830078125,9312170
2019-11-25,318.8451843261719,10092105
2019-11-26,318.9942626953125,7784040
2019-11-27,321.6784362792969,10204415
2019-11-28,321.1018371582031,11188800
2019-11-29,321.1415710449219,8652390
2019-12-02,324.68072509765625,11448520
2019-12-03,327.41448974609375,11608915
2019-12-04,328.30926513671875,13520395
2019-12-05,327.9214782714844,14684450
2019-12-06,332.8921203613281,18997535
2019-12-09,329.8998107910156,9468700
2019-12-10,330.52618408203125,7065780
2019-12-11,335.3277282714844,10145585
2019-12-12,341.1036071777344,13477940
2019-12-13,336.5604553222656,17638170
2019-12-16,338.78729248046875,18310635
2019-12-17,340.64630126953125,13234410
2019-12-18,342.84332275390625,22963340
2019-12-19,343.8672790527344,13507510
2019-12-20,336.550537109375,15293395
2019-12-23,338.9761962890625,8727440
2019-12-24,340.2983703613281,8513520
2019-12-26,336.85870361328125,8234850
2019-12-27,335.1388854980469,7646830
2019-12-30,336.0932312011719,9341420
2019-12-31,334.8903503417969,9848395
2020-01-01,332.8424072265625,7375280
2020-01-02,332.3453674316406,9260445
2020-01-03,329.4723815917969,7970445
2020-01-06,328.5677490234375,7400435
2020-01-07,332.2061767578125,12489655
2020-01-08,329.0249938964844,15629655
2020-01-09,331.0530090332031,13342120
2020-01-10,334.95989990234375,12680415
2020-01-13,336.232421875,9039790
2020-01-14,333.38916015625,10684460
2020-01-15,333.1506042480469,12451225
2020-01-16,338.31011962890625,16606410
2020-01-17,337.6241149902344,11479375
2020-01-20,321.6784362792969,40020170
2020-01-21,323.1099853515625,28727345
2020-01-22,315.2365417480469,27395810
2020-01-23,319.2826232910156,17478415
2020-01-24,326.65899658203125,21264685
2020-01-27,321.7679138183594,9372145
2020-01-28,323.2988586425781,9905520
2020-01-29,326.16192626953125,11137465
2020-01-30,323.7362365722656,7950780
2020-01-31,336.36163330078125,47475230
2020-02-03,333.2798156738281,12551470
2020-02-04,337.6639709472656,10352085
2020-02-05,335.9639587402344,10482560
2020-02-06,332.83245849609375,12663090
2020-02-07,328.6671142578125,11450755
2020-02-10,331.8979797363281,6775620
2020-02-11,333.5184326171875,9573830
2020-02-12,340.96441650390625,15052685
2020-02-13,335.97393798828125,11234600
2020-02-14,334.2143249511719,9460785
2020-02-17,336.232421875,9063825
2020-02-18,336.2124938964844,11095195
2020-02-19,338.2206726074219,15842670
2020-02-20,335.2084655761719,10499515
2020-02-24,333.6774597167969,9630665
2020-02-25,333.19036865234375,7677775
2020-02-26,331.3412780761719,12929475
2020-02-27,334.57220458984375,13446760
2020-02-28,322.1655578613281,18716560
2020-03-02,317.9206237792969,23814235
2020-03-03,323.34857177734375,14591930
2020-03-04,319.7001037597656,12651105
2020-03-05,328.3291015625,25304810
2020-03-06,324.29296875,17711215
2020-03-09,313.775146484375,27677505
2020-03-11,315.9920349121094,23571010
2020-03-12,291.2880859375,39039565
2020-03-13,292.2822265625,57044450
2020-03-16,275.1136474609375,32902600
2020-03-17,262.9853820800781,24105575
2020-03-18,233.0125732421875,55827210
2020-03-19,240.74685668945312,49586245
2020-03-20,250.98631286621094,51895950
2020-03-23,218.35919189453125,33472025
2020-03-24,229.22496032714844,36859170
2020-03-25,256.5136413574219,32245300
2020-03-26,272.9762878417969,36274745
2020-03-27,278.1755676269531,51116430
2020-03-30,257.219482421875,27851625
2020-03-31,257.68670654296875,22384305
2020-04-01,234.94117736816406,54192310
2020-04-03,226.82911682128906,50557355
2020-04-07,238.201904296875,42762850
2020-04-08,236.1341094970703,37025435
2020-04-09,253.0839385986328,40487010
2020-04-13,248.70977783203125,21252680
2020-04-15,233.37045288085938,45228380
2020-04-16,224.8408660888672,55276025
2020-04-17,235.8557586669922,42926975
2020-04-20,234.16575622558594,32800900
2020-04-21,224.70167541503906,23998980
2020-04-22,229.0758514404297,34818460
2020-04-23,248.4612274169922,52791235
2020-04-24,246.453125,33921175
2020-04-27,259.1878356933594,38857060
2020-04-28,263.7707214355469,33391940
2020-04-29,264.0093688964844,33516145
2020-04-30,269.8448181152344,31362610
2020-05-04,254.0581512451172,25482195
2020-05-05,246.2145233154297,25024205
2020-05-06,247.72560119628906,23021370
2020-05-07,238.5498504638672,34216360
2020-05-08,242.0591278076172,17556020
2020-05-11,236.2931671142578,23370405
2020-05-12,230.0799102783203,51342750
2020-05-13,235.9452362060547,59574620
2020-05-14,233.24124145507812,35499850
2020-05-15,234.27511596679688,19319900
2020-05-18,221.42108154296875,31987080
2020-05-19,224.76133728027344,31914605
2020-05-20,230.65650939941406,26271940
2020-05-21,228.69805908203125,29885640
2020-05-22,230.67637634277344,25948740
2020-05-26,229.28460693359375,27353985
2020-05-27,242.07896423339844,58726830
2020-05-28,244.4449920654297,53550015
2020-05-29,243.3614044189453,27486760
2020-06-01,248.21270751953125,34717880
2020-06-02,267.0016174316406,86600150
2020-06-03,275.68035888671875,61722075
2020-06-04,265.3116455078125,30020720
2020-06-05,265.9876403808594,28440585
2020-06-08,265.7789001464844,26511485
2020-06-09,259.29718017578125,27386665
2020-06-10,264.8841857910156,24381800
2020-06-11,258.21356201171875,21884065
2020-06-12,254.455810546875,44962120
2020-06-15,248.31211853027344,37767895
2020-06-16,253.85935974121094,26331460
2020-06-17,247.29811096191406,27146320
2020-06-18,259.1381530761719,33362610
2020-06-19,258.9690856933594,42463075
2020-06-22,269.47698974609375,38169335
2020-06-23,276.3464050292969,23349125
2020-06-24,267.2004699707031,26663085
2020-06-25,274.7160339355469,49925190
2020-06-26,266.44488525390625,33470980
2020-06-29,269.53668212890625,19098405
2020-06-30,270.4909973144531,23888320
2020-07-01,269.7554016113281,44697925
2020-07-02,268.8109436035156,24964910
2020-07-03,269.16888427734375,13840515
2020-07-06,271.9722595214844,16240365
2020-07-07,272.0418395996094,17871440
2020-07-08,268.9600830078125,16915525
2020-07-09,272.02197265625,17229575
2020-07-10,268.2840881347656,15089795
2020-07-13,265.5402526855469,16783485
2020-07-14,258.13409423828125,14574715
2020-07-15,256.4838562011719,21862715
2020-07-16,262.9754638671875,21020285
2020-07-17,263.9297790527344,21000815
2020-07-20,262.25970458984375,17408710
2020-07-21,270.2027282714844,22021225
2020-07-22,266.8923034667969,20862875
2020-07-23,273.1950378417969,21543595
2020-07-24,268.41326904296875,15561890
2020-07-27,262.9654846191406,37804195
2020-07-28,275.1832580566406,33758855
2020-07-29,276.2569274902344,20338950
2020-07-30,275.37213134765625,30485515
2020-07-31,271.5447998046875,16115350
2020-08-03,260.17205810546875,26206300
2020-08-04,263.23394775390625,24732980
2020-08-05,265.2718811035156,17378010
2020-08-06,266.44488525390625,18389150
2020-08-07,266.9221496582031,14035345
2020-08-10,270.4412841796875,14800280
2020-08-11,271.316162109375,12514625
2020-08-12,265.4508056640625,19200950
2020-08-13,265.67950439453125,16656640
2020-08-14,259.95330810546875,16657510
2020-08-17,263.94970703125,14156700
2020-08-18,272.26055908203125,21309745
2020-08-19,269.5267028808594,16983820
2020-08-20,266.0970153808594,14206945
2020-08-21,266.3057556152344,12425830
2020-08-24,275.81951904296875,30145690
2020-08-25,278.3743896484375,22811185
2020-08-26,285.65142822265625,28593240
2020-08-27,282.3310241699219,21417855
2020-08-28,291.6957092285156,53228510
2020-08-31,278.6229248046875,34868765
2020-09-01,284.448486328125,21291070
2020-09-02,283.0269470214844,16626250
2020-09-03,277.6983642578125,11975745
2020-09-04,274.3879699707031,20508780
2020-09-07,272.1412658691406,11607735
2020-09-08,268.552490234375,14119345
2020-09-09,263.67138671875,17217005
2020-09-10,262.3491516113281,16449740
2020-09-11,264.50640869140625,17501570
2020-09-14,259.40655517578125,19455565
2020-09-15,263.23394775390625,25149565
2020-09-16,263.5221862792969,16429435
2020-09-17,259.4860534667969,16544955
2020-09-18,253.91896057128906,32645685
2020-09-21,256.0563659667969,34298955
2020-09-22,252.61668395996094,21191625
2020-09-23,253.5810089111328,14176745
2020-09-24,247.7554168701172,28080625
2020-09-25,249.1372528076172,18199870
2020-09-28,254.23709106445312,9460495
2020-09-29,251.16525268554688,11747350
2020-09-30,252.14944458007812,14753080
2020-10-01,259.47613525390625,15811955
2020-10-05,261.3749084472656,19300040
2020-10-06,266.07708740234375,13162655
2020-10-07,263.38299560546875,14173350
2020-10-08,262.4684143066406,25856265
2020-10-09,262.41876220703125,26563380
2020-10-12,261.036865234375,25875695
2020-10-13,267.4091796875,24360745
2020-10-14,269.0793762207031,16790105
2020-10-15,260.370849609375,17482370
2020-10-16,265.73907470703125,11790145
2020-10-19,273.721923828125,19853580
2020-10-20,272.1512451171875,16140555
2020-10-21,277.0224304199219,21402230
2020-10-22,276.9726867675781,18050460
2020-10-23,274.9844665527344,11929255
2020-10-26,281.71466064453125,40111940
2020-10-27,315.6639709472656,165834400
2020-10-28,308.4466247558594,36224915
2020-10-29,312.3336486816406,36430145
2020-10-30,307.66131591796875,21009920
2020-11-02,314.28216552734375,28562300
2020-11-03,316.84698486328125,26303090
2020-11-04,324.22344970703125,25440305
2020-11-05,333.12078857421875,30372525
2020-11-06,341.5907287597656,29788295
2020-11-09,343.5988464355469,26051055
2020-11-10,348.5296936035156,40019115
2020-11-11,359.44512939453125,52671695
2020-11-12,348.88763427734375,33875995
2020-11-13,350.5875244140625,31322780
2020-11-14,352.0290222167969,1554265
2020-11-17,357.2183532714844,29133725
2020-11-18,363.9684753417969,30876240
2020-11-19,363.1233825683594,43588840
2020-11-20,375.6593322753906,45581330
2020-11-23,377.33941650390625,52217195
2020-11-24,382.71759033203125,44749430
2020-11-25,370.3009948730469,34185845
2020-11-26,375.5996398925781,34322855
2020-11-27,379.1785583496094,393510620
2020-12-01,372.9652404785156,39778990
2020-12-02,360.7077331542969,37290055
2020-12-03,362.05975341796875,22312640
2020-12-04,367.0800476074219,19947155
2020-12-07,361.9702453613281,30160865
2020-12-08,364.60467529296875,19767180
2020-12-09,374.4961853027344,21853220
2020-12-10,378.4229736328125,23476080
2020-12-11,381.8228759765625,27332990
2020-12-14,385.5906066894531,17284855
2020-12-15,387.9367980957031,20709490
2020-12-16,388.2151184082031,13823490
2020-12-17,390.7799377441406,17301850
2020-12-18,387.5788269042969,16858380
2020-12-21,381.912353515625,19707555
2020-12-22,378.3534240722656,25368720
2020-12-23,381.8924865722656,11704095
2020-12-24,389.8156433105469,16685820
2020-12-28,395.4423828125,13715345
2020-12-29,397.5101623535156,15764325
2020-12-30,401.21826171875,13287155
2020-12-31,396.77447509765625,13974145
2021-01-01,396.4663391113281,5530495
2021-01-04,390.7998352050781,15707145
2021-01-05,389.6466369628906,16316150
2021-01-06,391.7641296386719,17262575
2021-01-07,388.185302734375,17096585
2021-01-08,391.8237609863281,16314485
2021-01-11,385.35205078125,14977605
2021-01-12,378.45281982421875,30177900
2021-01-13,374.2078857421875,27915650
2021-01-14,376.30548095703125,24018190
2021-01-15,370.58929443359375,13575820
2021-01-18,367.2192687988281,25023140
2021-01-19,375.1821594238281,24027570
2021-01-20,374.5061340332031,15207240
2021-01-21,369.37646484375,28344310
2021-01-22,363.4515075683594,21490875
2021-01-25,356.7710266113281,33050690
2021-01-27,350.86590576171875,39461595
2021-01-28,342.5450744628906,30179620
2021-01-29,340.5766906738281,25703435
2021-02-01,358.1826477050781,24146050
2021-02-02,370.0723571777344,29356685
2021-02-03,368.2630310058594,21446975
2021-02-04,379.83465576171875,48208370
2021-02-05,394.2096862792969,81341680
2021-02-08,389.1296691894531,20107375
2021-02-09,387.53912353515625,11154615
2021-02-10,388.11572265625,14304705
2021-02-11,389.8952331542969,11233885
2021-02-12,387.9168395996094,8453765
2021-02-15,394.8558349609375,14652175
2021-02-16,401.5562438964844,27400915
2021-02-17,395.5517883300781,21976120
2021-02-18,386.8034362792969,17691040
2021-02-19,385.4713439941406,13678415
2021-02-22,387.62860107421875,19266380
2021-02-23,372.388671875,27862010
2021-02-24,379.9936828613281,19107080
2021-02-25,376.8721923828125,28112580
2021-02-26,353.9775085449219,42000480
2021-03-01,366.9110412597656,16300220
2021-03-02,366.76190185546875,19185745
2021-03-03,377.6674499511719,14378090
2021-03-04,377.3095703125,20112570
2021-03-05,382.2403869628906,27039930
2021-03-08,380.9182434082031,23490050
2021-03-09,393.464111328125,39591725
2021-03-10,390.4817199707031,13807350
2021-03-12,384.75555419921875,13101325
2021-03-15,381.4749755859375,13217765
2021-03-16,378.4031066894531,13846120
2021-03-17,371.47406005859375,13474970
2021-03-18,363.92864990234375,10987875
2021-03-19,364.6742248535156,24015080
2021-03-22,362.3877868652344,12170485
2021-03-23,360.3995361328125,21254280
2021-03-24,354.3949890136719,15230805
2021-03-25,350.5080261230469,20565065
2021-03-26,352.1284484863281,16553785
2021-03-30,354.1564025878906,27877620
2021-03-31,348.5396728515625,18991915
2021-04-01,358.7890625,19013260
2021-04-05,349.7723388671875,12241205
2021-04-06,351.5816650390625,14365225
2021-04-07,356.2937927246094,15790710
2021-04-08,354.5540771484375,14451450
2021-04-09,357.73529052734375,15696920
2021-04-12,346.4520263671875,16641680
2021-04-13,353.0827941894531,15593710
2021-04-15,352.56585693359375,17734430
2021-04-16,350.74658203125,14561395
2021-04-19,338.1510314941406,19327115
2021-04-20,337.54461669921875,16585040
2021-04-22,345.1695556640625,17952220
2021-04-23,344.8017272949219,9467250
2021-04-26,349.8617858886719,16265310
2021-04-27,348.0028076171875,22666800
2021-04-28,360.1609802246094,20872995
2021-04-29,358.8785095214844,19800475
2021-04-30,347.70458984375,13108915
2021-05-03,343.0620422363281,27969345
2021-05-04,344.4935607910156,21275755
2021-05-05,352.0687561035156,12058215
2021-05-06,355.5482177734375,11901275
2021-05-07,353.9775085449219,8053650
2021-05-10,359.7433776855469,6662450
2021-05-11,349.0267639160156,14779880
2021-05-12,341.749755859375,15909150
2021-05-14,339.3240966796875,14689460
2021-05-17,346.7799987792969,21057205
2021-05-18,348.9571838378906,23292070
2021-05-19,344.07598876953125,11860210
2021-05-20,339.63232421875,12990190
2021-05-21,349.4642028808594,21465560
2021-05-24,349.3349609375,18069535
2021-05-25,348.0426025390625,11008125
2021-05-26,346.0841979980469,14225500
2021-05-27,353.3611145019531,26699940
2021-05-28,358.03350830078125,16235045
2021-05-31,359.4153747558594,11554045
2021-06-01,357.2879333496094,11449080
2021-06-02,354.52423095703125,15494245
2021-06-03,360.7077331542969,17220655
2021-06-04,360.1112060546875,7543530
2021-06-07,360.84686279296875,5480695
2021-06-08,356.60198974609375,6655155
2021-06-09,354.4844970703125,10188570
2021-06-10,357.794921875,9272445
2021-06-11,356.76104736328125,8109640
2021-06-14,351.53192138671875,12715010
2021-06-15,352.0986022949219,8679120
2021-06-16,350.05072021484375,14227715
2021-06-17,351.13427734375,12891210
2021-06-18,350.0208740234375,13393945
2021-06-21,352.3272705078125,6396605
2021-06-22,349.35479736328125,7858715
2021-06-23,345.29876708984375,38011745
2021-06-24,345.53741455078125,17976965
2021-06-25,344.9607849121094,47888225
2021-06-28,344.57305908203125,17502535
2021-06-29,339.1650390625,51973310
2021-06-30,339.1650390625,44110495
2021-07-01,341.2030334472656,14941930
2021-07-02,341.01409912109375,11212755
2021-07-05,344.18536376953125,9438355
2021-07-06,349.00689697265625,18461110
2021-07-07,350.289306640625,13630910
2021-07-08,344.4239807128906,11040075
2021-07-09,341.98834228515625,8490830
2021-07-12,344.3544006347656,8685325
2021-07-13,347.3765563964844,10333195
2021-07-14,347.5753173828125,10794920
2021-07-15,347.953125,9752780
2021-07-16,347.84375,9190250
2021-07-19,342.5351257324219,10731685
2021-07-20,338.52886962890625,10719295
2021-07-22,339.4334716796875,9291265
2021-07-23,342.5649719238281,9979000
2021-07-26,346.0741882324219,19695475
2021-07-27,337.5943603515625,21505655
2021-07-28,328.6273498535156,25263775
2021-07-29,326.4005126953125,14971325
2021-07-30,329.01507568359375,16110005
2021-08-02,331.0628967285156,12954880
2021-08-03,335.1487731933594,16150700
2021-08-04,347.93328857421875,35020800
2021-08-05,352.26763916015625,30260460
2021-08-06,353.3511962890625,18202345
2021-08-09,354.0868225097656,7984430
2021-08-10,360.5188293457031,22974240
2021-08-11,354.2029724121094,15509515
2021-08-12,355.6153869628906,8208450
2021-08-13,355.6750183105469,9199585
2021-08-16,354.5511169433594,7768305
2021-08-17,355.74468994140625,7096685
2021-08-18,348.0562744140625,13818265
2021-08-20,338.87591552734375,28216210
2021-08-23,341.5216064453125,15465845
2021-08-24,339.14453125,23539855
2021-08-25,337.61279296875,14569050
2021-08-26,337.6724853515625,21912885
2021-08-27,340.8652038574219,18306575
2021-08-30,345.30120849609375,12806265
2021-08-31,348.8519287109375,22463045
2021-09-01,347.44952392578125,36331770
2021-09-02,353.3675231933594,28819220
2021-09-03,356.44091796875,24225670
2021-09-06,352.9995422363281,9509655
2021-09-07,351.0699768066406,14614185
2021-09-08,361.1156005859375,76247785
2021-09-09,361.6129150390625,18214625
2021-09-13,366.02899169921875,16358075
2021-09-14,371.53912353515625,20840400
2021-09-15,372.324951171875,24070115
2021-09-16,379.3071594238281,20643915
2021-09-17,399.4282531738281,73192445
2021-09-20,398.13525390625,29405445
2021-09-21,400.0249938964844,19334440
2021-09-22,394.9723205566406,9559045
2021-09-23,402.6209411621094,14945535
2021-09-24,403.4365539550781,10574440
2021-09-27,404.4809265136719,9150320
2021-09-28,411.41339111328125,19496335
2021-09-29,403.90399169921875,17101570
2021-09-30,398.9408874511719,22863740
2021-10-01,396.563720703125,16869890
2021-10-04,396.0465393066406,10215265
2021-10-05,394.3358154296875,13599035
2021-10-06,389.04443359375,14896375
2021-10-07,388.3879699707031,11110650
2021-10-08,385.185302734375,9689170
2021-10-11,392.9532470703125,11880835
2021-10-12,396.8720397949219,9454510
2021-10-13,399.7066955566406,8712390
2021-10-14,401.38763427734375,8261780
2021-10-18,400.1543273925781,10833895
2021-10-19,404.8787536621094,8476015
2021-10-20,400.9201354980469,8974465
2021-10-21,426.4420166015625,47477590
2021-10-22,431.9422302246094,29659130
2021-10-25,428.5804138183594,33886310
2021-10-26,439.8096618652344,53345005
2021-10-27,435.29412841796875,22752840
2021-10-28,417.4407653808594,15511445
2021-10-29,404.0432434082031,23331725
2021-11-01,413.06439208984375,9832940
2021-11-02,413.0942687988281,7681030
2021-11-03,405.3163757324219,10336455
2021-11-04,409.1853942871094,1025885
2021-11-08,421.48883056640625,10609980
2021-11-09,417.1821594238281,8887865
2021-11-10,412.9748840332031,7228940
2021-11-11,408.6085510253906,7735765
2021-11-12,412.7063903808594,7172140
2021-11-15,417.2020263671875,9096640
2021-11-16,414.32763671875,7725535
2021-11-17,408.4095764160156,7233815
2021-11-18,402.71051025390625,13965995
2021-11-22,388.9847717285156,13741645
2021-11-23,394.4451904296875,16148125
2021-11-24,400.1145324707031,9737415
2021-11-25,404.8290100097656,15822140
2021-11-26,390.7452392578125,13237765
2021-11-29,401.7457275390625,20859500
2021-11-30,390.2678527832031,21329080
2021-12-01,388.5670471191406,12928465
2021-12-02,390.73529052734375,9664645
2021-12-03,380.7791748046875,17458620
2021-12-06,375.0103759765625,15406680
2021-12-07,385.3444519042969,36722375
2021-12-08,382.0224304199219,25627975
2021-12-09,381.2068176269531,23272265
2021-12-10,377.3079528808594,15274610
2021-12-13,372.6034240722656,20425550
2021-12-14,366.0986328125,50556260
2021-12-15,371.4695739746094,26528735
2021-12-16,370.1466979980469,15272310
2021-12-17,356.82879638671875,14675630
2021-12-20,346.6240539550781,16345895
2021-12-21,345.4403991699219,11321155
2021-12-22,350.5826110839844,17269195
2021-12-23,353.2083740234375,9598245
2021-12-24,347.79766845703125,11357850
2021-12-27,352.7807312011719,8269165
2021-12-28,353.0691223144531,6428355
2021-12-29,350.9407043457031,7059540
2021-12-30,349.1603088378906,12491975
2021-12-31,357.2863464355469,11064460
2022-01-03,362.92584228515625,9925545
2022-01-04,368.52545166015625,13177875
2022-01-05,382.3605651855469,21040835
2022-01-06,376.3431701660156,11290150
2022-01-07,378.7998962402344,11516755
2022-01-10,387.4928283691406,14310435
2022-01-11,385.2748107910156,13570095
2022-01-12,389.21356201171875,10746980
2022-01-13,383.19610595703125,7435760
2022-01-14,385.5533447265625,9143810
2022-01-17,385.4041442871094,8382365
2022-01-18,386.3390808105469,10407280
2022-01-19,379.078369140625,7608510
2022-01-20,376.482421875,7449105
2022-01-21,376.711181640625,8769480
2022-01-24,364.2088317871094,12737170
2022-01-25,368.93328857421875,12845325
2022-01-27,375.8160705566406,18593095
2022-01-28,377.6163024902344,24859820
2022-01-31,369.45050048828125,22583125
2022-02-01,374.4335021972656,15485430
2022-02-02,386.4286193847656,13552540
2022-02-03,379.7547302246094,11198565
2022-02-04,374.8114929199219,8856335
2022-02-07,363.72149658203125,10269795
2022-02-08,361.60296630859375,17846850
2022-02-09,365.0244140625,8120290
2022-02-10,371.4297180175781,12540405
2022-02-11,363.68170166015625,9298775
2022-02-14,347.4893493652344,15134105
2022-02-15,360.6679992675781,10276375
2022-02-16,364.0398254394531,11348780
2022-02-17,361.50347900390625,14051145
2022-02-18,363.3435363769531,6148340
2022-02-21,363.4529724121094,6719555
2022-02-22,366.3672180175781,15110375
2022-02-23,375.1894226074219,34579605
2022-02-24,357.03765869140625,24780215
2022-02-25,369.341064453125,19969430
2022-02-28,366.5660705566406,13562810
2022-03-02,359.2556457519531,14154775
2022-03-03,356.5204772949219,14810715
2022-03-04,348.54364013671875,12745970
2022-03-07,340.5369873046875,13489675
2022-03-08,342.764892578125,27182480
2022-03-09,345.9476623535156,34597305
2022-03-10,348.98126220703125,20942345
2022-03-11,350.7019348144531,12531700
2022-03-14,355.82421875,16583245
2022-03-15,344.8834228515625,24037275
2022-03-16,350.20465087890625,14636205
2022-03-17,362.04058837890625,16795035
2022-03-21,353.50677490234375,11988495
2022-03-22,359.6236267089844,16987280
2022-03-23,352.0447082519531,16131700
2022-03-24,340.98455810546875,98550890
2022-03-25,342.5958557128906,15195750
2022-03-28,343.18267822265625,15351020
2022-03-29,344.1374816894531,12928950
2022-03-30,350.72186279296875,16790770
2022-03-31,348.8818054199219,14242040
2022-04-01,353.4172668457031,11868865
2022-04-04,365.2333068847656,19987830
2022-04-05,358.499755859375,10664355
2022-04-06,353.96429443359375,11745005
2022-04-07,351.3882751464844,21943915
2022-04-08,354.9787902832031,11908355
2022-04-11,354.76995849609375,9589710
2022-04-12,358.43011474609375,12061210
2022-04-13,354.0041198730469,9618460
2022-04-18,348.19549560546875,9800705
2022-04-19,339.6617431640625,11947870
2022-04-20,342.4068603515625,16007725
2022-04-21,350.2743225097656,13653455
2022-04-22,343.6898498535156,11280190
2022-04-25,343.9087219238281,10746970
2022-04-26,346.663818359375,7273885
2022-04-27,346.4250793457031,14112960
2022-04-28,351.2291259765625,11712485
2022-04-29,356.2220764160156,18443295
2022-05-02,352.959716796875,9897330
2022-05-04,353.2083740234375,28732370
2022-05-05,357.584716796875,17840235
2022-05-06,353.1487121582031,14237415
2022-05-09,351.5971374511719,10846810
2022-05-10,357.49517822265625,9949270
2022-05-11,360.0414123535156,13109420
2022-05-12,350.2841796875,21411340
2022-05-13,353.994140625,13685110
2022-05-16,360.6182861328125,15195905
2022-05-17,366.0787048339844,15103905
2022-05-18,367.3717346191406,26608920
2022-05-19,354.75994873046875,15541605
2022-05-20,363.8607177734375,13248360
2022-05-23,368.8636169433594,14130390
2022-05-24,374.4931945800781,17109500
2022-05-25,379.4563293457031,31263010
2022-05-26,379.6751708984375,24749145
2022-05-27,387.14471435546875,12201835
2022-05-30,378.59100341796875,19939000
2022-05-31,367.38165283203125,74151530
2022-06-01,371.01202392578125,11913225
2022-06-02,369.530029296875,13321505
2022-06-03,369.72900390625,9076875
2022-06-06,371.8475036621094,12940485
2022-06-07,369.6295166015625,8558195
2022-06-08,367.1131286621094,7328080
2022-06-09,371.0318908691406,6404340
2022-06-10,356.430908203125,14299750
2022-06-13,345.5995788574219,11747225
2022-06-14,346.0670471191406,7755235
2022-06-15,345.4603271484375,8850845
2022-06-16,333.3558349609375,14866460
2022-06-17,332.9181823730469,15819320
2022-06-20,334.03216552734375,8837885
2022-06-21,334.48968505859375,12518015
2022-06-22,332.14239501953125,8859625
2022-06-23,335.0069274902344,12454005
2022-06-24,337.8514709472656,8088605
2022-06-27,336.4888916015625,10640560
2022-06-28,331.96337890625,13997215
2022-06-29,326.7217102050781,14664150
2022-06-30,330.431640625,19910320
2022-07-01,331.7544860839844,11502570
2022-07-04,332.381103515625,9343905
2022-07-05,330.81951904296875,13210485
2022-07-06,339.06494140625,27864745
2022-07-07,345.8283386230469,15850325
2022-07-08,347.0716247558594,8890745
2022-07-11,346.3753967285156,7665895
2022-07-12,341.93939208984375,9144160
2022-07-13,346.5345153808594,18067340
2022-07-14,352.1044006347656,32854910
2022-07-15,355.6153869628906,11668660
2022-07-18,367.1429748535156,15585190
2022-07-19,365.01446533203125,14475875
2022-07-20,363.5822448730469,12857345
2022-07-21,358.1715393066406,10933370
2022-07-22,363.4529724121094,16747900
2022-07-25,357.1768798828125,9432575
2022-07-26,350.4234619140625,9012235
2022-07-27,348.9315185546875,17398225
2022-07-28,363.7314453125,10772005
2022-07-29,360.1210021972656,11939990
2022-08-01,369.1520690917969,8277685
2022-08-02,374.8910827636719,16788030
2022-08-03,368.2270812988281,12678395
2022-08-04,365.1338195800781,11805930
2022-08-05,364.80560302734375,8322855
2022-08-08,366.9142150878906,7779625
2022-08-10,363.70159912109375,8286635
2022-08-11,368.9264831542969,13891690
2022-08-12,366.478271484375,6982610
2022-08-16,367.5033264160156,6568120
2022-08-17,366.1797180175781,16916670
2022-08-18,379.07769775390625,18306580
2022-08-19,373.60400390625,22819530
2022-08-22,364.656982421875,20813785
2022-08-23,369.37432861328125,11071500
2022-08-24,371.73297119140625,7078125
2022-08-25,371.9618835449219,11022045
2022-08-26,378.5900573730469,16715440
2022-08-29,368.2298278808594,18198365
2022-08-30,381.2572021484375,19429250
2022-09-01,378.749267578125,21039210
2022-09-02,381.9339599609375,16656880
2022-09-05,385.7257080078125,19033850
2022-09-06,381.3069763183594,13839270
2022-09-07,379.8240661621094,9881290
2022-09-08,384.1632385253906,12060915
2022-09-09,383.4267883300781,14089865
2022-09-12,382.958984375,7418405
2022-09-13,382.8395690917969,7922905
2022-09-14,389.0696716308594,18712145
2022-09-15,384.97930908203125,18737490
2022-09-16,384.21295166015625,25844110
2022-09-19,384.05377197265625,8379560
2022-09-20,386.0939636230469,8063650
2022-09-21,381.86431884765625,11191380
2022-09-22,376.7389221191406,9286135
2022-09-23,370.7576904296875,13068795
2022-09-26,364.0498962402344,11425880
2022-09-27,358.13836669921875,13700720
2022-09-28,356.80474853515625,8855585
2022-09-29,351.370849609375,13998135
2022-09-30,362.0992736816406,14023265
2022-10-03,355.0730895996094,12200320
2022-10-04,362.7064208984375,8344610
2022-10-06,362.03961181640625,8740755
2022-10-07,363.3333435058594,5319220
2022-10-10,359.9197692871094,5188610
2022-10-11,355.86920166015625,7483590
2022-10-12,360.3079528808594,5175590
2022-10-13,358.57623291015625,5864895
2022-10-14,365.0451354980469,8351190
2022-10-17,369.85205078125,5521415
2022-10-18,370.1605529785156,8049290
2022-10-19,372.0813293457031,4566430
2022-10-20,370.9268493652344,7955535
2022-10-21,378.70941162109375,19709855
2022-10-24,377.34600830078125,3245405
2022-10-25,367.5531005859375,17558250
2022-10-27,371.2154846191406,22967460
2022-10-28,375.0470886230469,15243435
2022-10-31,378.57012939453125,9371740
2022-11-01,380.0131530761719,12727085
2022-11-02,380.1624755859375,9320405
2022-11-03,378.21185302734375,7959355
2022-11-04,378.17205810546875,10407065
2022-11-07,374.7186279296875,13123005
2022-11-09,376.8682861328125,11613170
2022-11-10,380.600341796875,12550620
2022-11-11,378.0028381347656,17120150
2022-11-14,382.7201843261719,10711335
2022-11-15,380.6501159667969,9951460
2022-11-16,391.2989501953125,32188255
2022-11-17,388.24359130859375,12043355
2022-11-18,390.0350341796875,21360200
2022-11-21,386.9598388671875,5963050
2022-11-22,386.0939636230469,5833775
2022-11-23,388.8009338378906,12502815
2022-11-24,387.10906982421875,7002105
2022-11-25,383.8348083496094,10487705
2022-11-28,383.78509521484375,7822520
2022-11-29,383.26751708984375,6817525
2022-11-30,387.5469665527344,14753670
2022-12-01,385.0091552734375,12355025
2022-12-02,384.31256103515625,7954840
2022-12-05,385.8351745605469,6227545
2022-12-06,385.1982421875,6833490
2022-12-07,380.4610290527344,11811400
2022-12-08,377.5848693847656,63099190
2022-12-09,375.80340576171875,13242275
2022-12-12,371.36474609375,16407235
2022-12-13,371.9121398925781,34697825
2022-12-14,372.84765625,18735705
2022-12-15,370.85723876953125,10208995
2022-12-16,366.3488464355469,12439140
2022-12-19,369.85205078125,8568235
2022-12-20,367.6526184082031,7052930
2022-12-21,361.1837158203125,11914345
2022-12-22,363.46270751953125,8570465
2022-12-23,362.64666748046875,10510630
2022-12-26,360.9747009277344,23733690
2022-12-27,362.4376525878906,7741430
2022-12-28,362.2784118652344,9521340
2022-12-29,362.0097351074219,10772450
2022-12-30,363.70159912109375,13463440
2023-01-02,363.26373291015625,5625005
2023-01-03,364.8162536621094,8317240
2023-01-04,362.4078063964844,8320520
2023-01-05,362.3182678222656,8663090
2023-01-06,355.6502990722656,18998275
2023-01-09,360.6463317871094,17134340
2023-01-10,357.3919372558594,7370655
2023-01-11,358.6459045410156,8018505
2023-01-12,354.197265625,17648025
2023-01-13,354.35650634765625,19915985
2023-01-16,355.2522277832031,10590805
2023-01-17,357.8099060058594,10661970
2023-01-18,358.0985412597656,14176160
2023-01-19,351.7689514160156,22128220
2023-01-20,350.8931579589844,21351470
2023-01-23,355.043212890625,38823135
2023-01-24,350.36566162109375,20795940
2023-01-25,348.2856750488281,21401665
2023-01-27,340.9808349609375,37584895
2023-01-30,343.5982360839844,24697780
2023-01-31,344.5437316894531,21926920
2023-02-01,347.2705993652344,18260490
2023-02-02,350.664306640625,20922350
2023-02-03,354.35650634765625,13376060
2023-02-06,347.7283935546875,15201045
2023-02-07,353.38116455078125,18215935
2023-02-08,351.41070556640625,7233450
2023-02-09,352.4855041503906,10819125
2023-02-10,352.71441650390625,7229710
2023-02-13,353.062744140625,11945710
2023-02-14,352.37603759765625,8074465
2023-02-15,355.3915710449219,12046460
2023-02-16,355.87921142578125,11458010
2023-02-17,350.16668701171875,12939545
2023-02-20,345.79766845703125,16124195
2023-02-21,344.38446044921875,14684670
2023-02-22,338.4828186035156,17695745
2023-02-23,339.7965087890625,13850550
2023-02-24,337.8359680175781,10401815
2023-02-27,343.5385437011719,11718990
2023-02-28,344.1953430175781,21975490
2023-03-01,347.3104248046875,28066930
2023-03-02,342.6925964355469,20599675
2023-03-03,348.52459716796875,18131345
2023-03-06,348.52459716796875,25934230
2023-03-08,346.3749084472656,26013040
2023-03-09,341.6973876953125,34641580
2023-03-10,338.2340393066406,24380720
2023-03-13,333.1783447265625,44894690
2023-03-14,328.0728454589844,70694930
2023-03-15,331.595947265625,23461815
2023-03-16,331.1181945800781,18160315
2023-03-17,336.99993896484375,44641505
2023-03-20,338.3036804199219,22319685
2023-03-21,339.73681640625,9025900
2023-03-22,339.3984375,16630495
2023-03-23,334.3327941894531,28210755
2023-03-24,336.81085205078125,27403045
2023-03-27,339.40838623046875,14186020
2023-03-28,338.1544189453125,11858260
2023-03-29,342.5632019042969,14105000
2023-03-31,344.91192626953125,17828775
2023-04-03,347.46966552734375,12184330
2023-04-05,348.7037048339844,12631750
2023-04-06,349.7387390136719,7786775
2023-04-10,350.17657470703125,6265855
2023-04-11,367.5331726074219,46468815
2023-04-12,367.0455322265625,17043565
2023-04-13,372.1111755371094,14620580
2023-04-17,377.2166442871094,51771495
2023-04-18,375.8531799316406,14863605
2023-04-19,375.17645263671875,9383280
2023-04-20,374.997314453125,11613885
2023-04-21,376.9180908203125,8356705
2023-04-24,377.6346130371094,10087030
2023-04-25,376.0522155761719,23692095
2023-04-26,373.9224548339844,15797590
2023-04-27,379.8937683105469,25306465
2023-04-28,385.75555419921875,21838060
2023-05-02,382.39178466796875,23028855
2023-05-03,384.3424072265625,17245035
2023-05-04,387.65643310546875,17257895
2023-05-05,383.89453125,17421090
2023-05-08,389.8956604003906,19354705
2023-05-09,388.9900207519531,18115375
2023-05-10,389.8658142089844,19562195
2023-05-11,389.7165222167969,22059120
2023-05-12,390.2439880371094,16085405
2023-05-15,392.7121276855469,14858460
2023-05-16,387.5469665527344,22847485
2023-05-17,380.00323486328125,27410085
2023-05-18,383.6357727050781,20726140
2023-05-19,386.47210693359375,19734635
2023-05-22,386.18353271484375,17004400
2023-05-23,382.46142578125,21677620
2023-05-24,380.2420959472656,17787685
2023-05-25,384.143310546875,29833785
2023-05-26,387.14892578125,16477060
2023-05-29,388.7710876464844,18877545
2023-05-30,393.050537109375,37148525
2023-05-31,400.94256591796875,442990630
2023-06-01,384.1632385253906,29837160
2023-06-02,385.8949279785156,17790360
2023-06-05,383.1381530761719,12029545
2023-06-06,389.93548583984375,20564205
2023-06-07,386.0242919921875,15502070
2023-06-08,375.4949035644531,27458070
2023-06-09,372.6087951660156,70984620
2023-06-12,374.0916442871094,14075865
2023-06-13,369.41412353515625,47809135
2023-06-14,371.1457824707031,27892715
2023-06-15,364.94561767578125,24190940
2023-06-16,369.7027587890625,15988285
2023-06-19,363.1641845703125,38049565
2023-06-20,367.0355529785156,23114525
2023-06-21,367.3440856933594,11995540
2023-06-22,365.463134765625,17141050
2023-06-23,363.96038818359375,12920315
2023-06-26,362.8457336425781,11068395
2023-06-27,367.1748962402344,10693325
2023-06-28,366.3488464355469,26699910
2023-06-30,367.54315185546875,19673600
2023-07-03,367.025634765625,16042700
2023-07-04,370.5586242675781,32877935
2023-07-05,371.1856384277344,15595925
2023-07-06,373.6636962890625,18271205
2023-07-07,368.9264831542969,10382720
2023-07-10,371.5936584472656,17187710
2023-07-11,371.5339660644531,20483785
2023-07-12,373.82293701171875,21775415
2023-07-13,372.1509704589844,26326850
2023-07-14,372.0116271972656,35659580
2023-07-17,377.5948181152344,16649280
2023-07-18,376.36077880859375,28978225
2023-07-19,379.4956970214844,16888935
2023-07-20,389.5075378417969,46527925
2023-07-21,392.1548156738281,19248750
2023-07-24,377.6346130371094,35165465
2023-07-25,373.30548095703125,39724580
2023-07-26,377.2464904785156,12310365
2023-07-27,372.9571228027344,31450005
2023-07-28,373.5741271972656,11510165
2023-07-31,369.5335693359375,20126035
2023-08-01,368.2298278808594,22339710
2023-08-02,362.9949645996094,20902255
2023-08-03,362.9053649902344,35076460
2023-08-04,366.24212646484375,27217660
2023-08-07,364.857666015625,18541550
2023-08-08,364.1504821777344,20448115
2023-08-09,364.8476867675781,13121620
2023-08-10,358.7420349121094,25560495
2023-08-11,356.8694763183594,21328080
2023-08-14,357.39739990234375,16499595
2023-08-16,355.8236083984375,9419700
2023-08-17,351.7398986816406,25658695
2023-08-18,348.7716979980469,20566460
2023-08-21,350.67413330078125,19777340
2023-08-22,351.2219543457031,16644060
2023-08-23,354.5984802246094,16691425
2023-08-24,354.7778015136719,20618955
2023-08-25,354.35943603515625,10216750
2023-08-28,356.65032958984375,9902680
2023-08-29,355.2060546875,13543460
2023-08-30,353.5726013183594,12979480
2023-08-31,350.35540771484375,41570050
2023-09-01,352.81561279296875,13476050
2023-09-04,351.04266357421875,23488415
2023-09-05,352.8056335449219,21286715
2023-09-06,352.65625,31101115
2023-09-07,356.3813781738281,11040445
2023-09-08,357.21807861328125,11930910
2023-09-11,360.14642333984375,11584510
2023-09-12,360.8038024902344,17044830
2023-09-13,363.4731750488281,29659350
2023-09-14,362.8656005859375,12797115
2023-09-15,361.3416748046875,20607700
2023-09-18,358.2440185546875,19850560
2023-09-20,356.4710693359375,26840715
2023-09-21,349.74786376953125,23923755
2023-09-22,349.897216796875,18550615
2023-09-25,355.4650573730469,11132835
2023-09-26,351.421142578125,18280835
2023-09-27,351.63031005859375,15021030
2023-09-28,345.26568603515625,41315985
2023-09-29,345.763671875,17858645
2023-10-03,344.04052734375,27674345
2023-10-04,343.0445251464844,31104895
2023-10-05,345.4748229980469,14834005
2023-10-06,347.39715576171875,9961615
2023-10-09,342.4966735839844,9197565
2023-10-10,349.8275146484375,16844910
2023-10-11,352.8753356933594,17499220
2023-10-12,351.3713073730469,11919135
2023-10-13,351.0027770996094,10619635
2023-10-16,348.5625305175781,7899785
2023-10-17,352.90521240234375,16086785
2023-10-18,349.28961181640625,15258400
2023-10-19,346.31146240234375,9965895
2023-10-20,352.5168151855469,20361915
2023-10-23,346.7696533203125,37732210
2023-10-25,344.23974609375,17563340
2023-10-26,337.6260681152344,31396400
2023-10-27,339.1898193359375,14874150
2023-10-30,342.1380920410156,7557815
2023-10-31,346.500732421875,24196680
2023-11-01,343.51263427734375,12640525
2023-11-02,346.1620788574219,12752790
2023-11-03,345.2756042480469,7794790
2023-11-06,346.6601257324219,5933425
2023-11-07,348.861328125,17998015
2023-11-08,347.86529541015625,18214185
2023-11-09,347.6063232421875,9718555
2023-11-10,347.7059326171875,8173995
2023-11-13,348.2537536621094,14276385
2023-11-15,352.49688720703125,17161355
2023-11-16,353.16424560546875,10395580
2023-11-17,351.5207824707031,13554350
2023-11-20,352.7060241699219,9618255
2023-11-21,352.0386962890625,13528825
2023-11-22,347.74578857421875,22568660
2023-11-23,346.4808044433594,14181445
2023-11-24,347.4170837402344,12809895
2023-11-28,347.0684814453125,16746460
2023-11-29,349.29962158203125,17365700
2023-11-30,349.6979675292969,31274735
2023-12-01,348.7119445800781,10011890
2023-12-04,362.2679748535156,22895865
2023-12-05,364.2401123046875,27857360
2023-12-06,362.835693359375,23479400
2023-12-07,363.92138671875,12503210
2023-12-08,366.2322082519531,14927330
2023-12-11,367.3477783203125,16029165
2023-12-12,363.4233703613281,19074810
2023-12-13,363.7919006347656,16256660
2023-12-14,369.29998779296875,24394315
2023-12-15,368.6525573730469,19385985
2023-12-18,367.92547607421875,18793650
2023-12-19,367.84576416015625,15444615
2023-12-20,363.8516540527344,19842810
2023-12-21,369.0709228515625,12019200
2023-12-22,370.6247253417969,16546475
2023-12-26,375.8738098144531,21753345
2023-12-27,378.9615173339844,17036215
2023-12-28,382.7464599609375,24750070
2023-12-29,380.1069641113281,12230850
2024-01-01,380.31610107421875,7129510
2024-01-02,371.5310974121094,25603980
2024-01-03,371.7004089355469,18907575
2024-01-04,371.2422790527344,14328830
2024-01-05,368.054931640625,38996705
2024-01-08,363.77197265625,61265835
2024-01-09,363.88153076171875,21696115
2024-01-10,362.7161865234375,35263790
2024-01-11,363.12457275390625,20850350
2024-01-12,365.1963195800781,10863105
2024-01-15,368.8318176269531,30861560
2024-01-16,368.1346130371094,23254490
2024-01-17,354.518798828125,54184415
2024-01-18,354.04071044921875,21467250
2024-01-19,351.4609680175781,22801645
2024-01-23,355.4849548339844,33904120
2024-01-24,356.3017272949219,16341755
2024-01-25,352.2777404785156,33510850
2024-01-29,363.1344909667969,26180740
2024-01-30,363.27398681640625,19145935
2024-01-31,363.6026306152344,40587005
2024-02-01,363.1046142578125,10360840
2024-02-02,363.14447021484375,25249380
2024-02-05,360.2360534667969,17304030
2024-02-06,355.98297119140625,23459485
2024-02-07,357.0985412597656,22961120
2024-02-08,344.56842041015625,22713870
2024-02-09,347.1082763671875,20319880
2024-02-12,340.5544128417969,22532445
2024-02-13,346.052490234375,22461670
2024-02-14,348.4031677246094,19251615
2024-02-15,346.4708251953125,12708350
2024-02-16,345.6739807128906,8215730
2024-02-19,344.9070739746094,22239770
2024-02-20,351.1024169921875,38055620
2024-02-21,347.8354187011719,20924355
2024-02-22,343.5823669433594,31003800
2024-02-23,343.4329528808594,17268830
2024-02-26,339.9069519042969,29790330
2024-02-27,339.9966125488281,22158260
2024-02-28,335.3849792480469,15381635
2024-02-29,336.55035400390625,33034875
2024-03-01,344.1700134277344,17220745
2024-03-04,344.0704040527344,13885990
2024-03-05,341.779541015625,15610970
2024-03-06,350.55462646484375,37258560
2024-03-07,348.2238464355469,15696800
2024-03-11,344.5584716796875,18200715
2024-03-12,342.70587158203125,51216490
2024-03-13,344.5385437011719,29080415
2024-03-14,347.098388671875,24048165
2024-03-15,346.2816162109375,77537270
2024-03-18,346.2019348144531,11570715
2024-03-19,348.5426025390625,22405375
2024-03-20,351.68011474609375,22104430
2024-03-21,353.0247802734375,18918405
2024-03-22,353.87139892578125,35306415
2024-03-26,349.3493957519531,26518150
2024-03-27,353.7120361328125,41155650
2024-03-28,355.6841735839844,33150360
2024-04-01,356.7200622558594,14429400
2024-04-02,350.0864562988281,34255950
2024-04-03,344.8572692871094,63417755
2024-04-04,348.4429626464844,65626460
2024-04-05,355.6144714355469,32790115
2024-04-08,356.2618408203125,13174055
2024-04-09,354.7080383300781,11866155
2024-04-10,363.7420959472656,27629090
2024-04-12,361.1723327636719,19831135
2024-04-15,358.20416259765625,21599340
2024-04-16,357.0985412597656,20483890
2024-04-18,355.9331970214844,21253700
2024-04-19,357.1084899902344,19351900
2024-04-22,360.5547790527344,30755695
2024-04-23,361.1723327636719,29780025
2024-04-24,367.0987548828125,16475385
2024-04-25,327.1876220703125,330895395
2024-04-26,320.4245300292969,110734245
2024-04-29,326.7792053222656,56137045
2024-04-30,323.5022888183594,91032240
2024-05-02,313.8805847167969,133202390
2024-05-03,308.1135559082031,80617945
2024-05-06,323.572021484375,108041055
2024-05-07,327.4764404296875,49333925
2024-05-08,328.3629455566406,49268765
2024-05-09,327.31707763671875,23280220
2024-05-10,324.2991027832031,58847010
2024-05-13,326.9385986328125,29196240
2024-05-14,327.9545593261719,21410130
2024-05-15,328.8509826660156,26304500
2024-05-16,333.0841369628906,34991785
2024-05-17,337.9647216796875,48087255
2024-05-21,338.3033447265625,29050835
2024-05-22,338.5623474121094,30293485
2024-05-23,340.4548034667969,28406475
2024-05-24,339.3392639160156,24680885
2024-05-27,340.84326171875,17271435
2024-05-28,339.3790588378906,18580705
2024-05-29,336.23162841796875,24762360
2024-05-30,336.6797790527344,27902445
2024-05-31,334.74749755859375,64022380
2024-06-03,342.2476501464844,49005355
2024-06-04,326.2911682128906,76147340
2024-06-05,342.25762939453125,72131590
2024-06-06,345.5644836425781,31799505
2024-06-07,349.3493957519531,23040730
2024-06-10,347.74578857421875,24240220
2024-06-11,342.6361083984375,20528235
2024-06-12,341.78948974609375,29407880
2024-06-13,343.90106201171875,30080725
2024-06-14,342.07830810546875,15768330
2024-06-18,342.5166320800781,28536650
2024-06-19,347.9549255371094,49798990
2024-06-20,351.84942626953125,46215520
2024-06-21,353.72198486328125,95158445
2024-06-24,353.1044616699219,21144440
2024-06-25,354.967041015625,29669295
2024-06-26,358.20416259765625,33429660
2024-06-27,364.6584167480469,66713845
2024-06-28,359.0706787109375,24845035
2024-07-01,360.1862487792969,14507550
2024-07-02,352.5168151855469,48125085
2024-07-03,360.7042236328125,44905015
2024-07-04,365.3158264160156,25344465
2024-07-05,369.0709228515625,17328265
2024-07-08,369.1705017089844,19306015
2024-07-09,368.1047668457031,19601055
2024-07-10,364.5190124511719,28148945
2024-07-11,367.4374084472656,23076860
2024-07-12,365.11663818359375,21204275
2024-07-15,367.24810791015625,29549980
2024-07-16,359.6284484863281,32713510
2024-07-18,363.9014892578125,37954190
2024-07-19,363.2732849121094,20694325
2024-07-22,350.5000915527344,53711805
2024-07-23,352.7635498046875,30775980
2024-07-24,348.2366027832031,37436035
2024-07-25,354.0099792480469,15481985
2024-07-26,361.72772216796875,26546755
2024-07-29,357.7491760253906,40031835
2024-07-30,356.19366455078125,28397685
2024-07-31,360.5411376953125,29031285
2024-08-01,357.4999084472656,19080220
2024-08-02,359.6536865234375,16212945
2024-08-05,353.7108459472656,24559090
2024-08-06,353.09259033203125,19620110
2024-08-07,354.2891540527344,17688725
2024-08-08,353.5313415527344,12361105
2024-08-09,352.9131164550781,12322215
2024-08-12,353.491455078125,22722215
2024-08-13,349.40325927734375,17651595
2024-08-14,348.57562255859375,12928245
2024-08-16,354.438720703125,14809355
2024-08-19,355.24639892578125,10861395
2024-08-20,360.0924377441406,15577430
2024-08-21,361.5482482910156,28585950
2024-08-22,363.2532958984375,16089940
2024-08-23,362.55535888671875,9075930
2024-08-26,361.45849609375,11781285
2024-08-27,359.6337585449219,22708480
2024-08-28,357.2306823730469,21403980
2024-08-29,354.42877197265625,27655790
2024-08-30,355.13671875,37290860
2024-09-02,355.0270080566406,20242600
2024-09-03,355.7349853515625,25981365
2024-09-04,355.7349853515625,15962215
2024-09-05,354.5683288574219,17865025
2024-09-06,351.8162536621094,16274400
2024-09-09,357.0013427734375,17182305
2024-09-10,357.29052734375,17488060
2024-09-11,356.8218688964844,18669360
2024-09-12,364.4399108886719,31827540
2024-09-13,363.02398681640625,10283600
2024-09-16,365.2077331542969,13653170
2024-09-17,368.26885986328125,18374310
2024-09-18,366.88287353515625,34387495
2024-09-19,373.3143310546875,14462150
2024-09-20,379.8056335449219,94247895
2024-09-23,385.8282775878906,18431360
2024-09-24,381.83978271484375,18546930
2024-09-25,378.4993896484375,16537335
2024-09-26,379.3669128417969,21022565
2024-09-27,373.4140319824219,33215560
2024-09-30,369.7247009277344,16234200
2024-10-01,374.800048828125,24357630
2024-10-03,363.5126037597656,31816160
2024-10-04,360.760498046875,18673160
2024-10-07,357.0212707519531,37233165
2024-10-08,359.64373779296875,25485515
2024-10-09,359.1252136230469,35394010
2024-10-10,374.1419677734375,29528990
2024-10-11,375.3983459472656,26057900
2024-10-14,381.0620422363281,21955690
2024-10-15,377.95098876953125,21477465
2024-10-16,374.1918029785156,15727780
2024-10-17,371.7388916015625,17707160
2024-10-18,373.1348571777344,19173835
2024-10-21,356.8118896484375,65890685
2024-10-22,351.6168518066406,27471910
2024-10-23,352.544189453125,14180685
2024-10-24,351.4273986816406,11584100
2024-10-25,352.7535705566406,14146135
2024-10-28,348.9645080566406,16510740
2024-10-29,351.028564453125,20790595
2024-10-30,345.92327880859375,21929745
2024-10-31,345.2252502441406,14723350
2024-11-01,347.87762451171875,912445
2024-11-04,344.87628173828125,14424150
2024-11-05,350.4202880859375,20143075
2024-11-06,351.5071716308594,18261260
2024-11-07,348.3761901855469,15304920
2024-11-08,348.1568298339844,18234125
2024-11-11,347.7978515625,16025150
2024-11-12,343.2908630371094,16141950
2024-11-13,336.6001281738281,17967450
2024-11-14,340.59857177734375,16638790
2024-11-18,343.56005859375,10412075
2024-11-19,344.55718994140625,13798315
2024-11-21,346.4218444824219,16470295
2024-11-22,351.2778625488281,17768630
2024-11-25,357.1210021972656,34357160
2024-11-26,355.6950988769531,11563695
2024-11-27,355.6153564453125,16012220
2024-11-28,350.8291320800781,19856975
2024-11-29,352.03564453125,14939970
2024-12-02,349.7821350097656,21326400
2024-12-03,348.9744873046875,19858250
2024-12-04,350.4901123046875,15933930
2024-12-05,354.0099792480469,28486145
2024-12-06,354.3689270019531,12979410
2024-12-09,356.22357177734375,12770115
2024-12-10,357.9087219238281,9899420
2024-12-11,357.9087219238281,11967140
2024-12-12,352.7236633300781,17441295
2024-12-13,360.0924377441406,19467655
2024-12-16,359.8531494140625,14946965
2024-12-17,355.78485107421875,17964305
2024-12-18,354.9771728515625,17647150
2024-12-19,351.407470703125,20370400
2024-12-20,347.7081298828125,73428440
2024-12-23,348.06707763671875,13740180
2024-12-24,348.8049621582031,13563125
2024-12-26,349.55279541015625,5660030
2024-12-27,350.9687194824219,12241355
2024-12-30,347.1397705078125,27513860
2024-12-31,356.1836853027344,23658490
2025-01-01,356.65234375,7424140
2025-01-02,366.37432861328125,25484935
2025-01-03,366.6734924316406,21385745
2025-01-06,354.9073791503906,19961975
2025-01-07,353.3917541503906,21999690
2025-01-08,352.7137145996094,21823395
2025-01-09,357.0113220214844,27349135
2025-01-10,350.2308349609375,17513090
2025-01-13,346.6810607910156,15461940
2025-01-14,349.11407470703125,24744805
2025-01-15,356.8916931152344,17549305
2025-01-16,360.0724792480469,22257670
2025-01-17,350.70947265625,17608640
2025-01-20,382.9964294433594,66621575
2025-01-21,377.5720520019531,22078315
2025-01-22,382.3981628417969,20883345
2025-01-23,377.8811950683594,15805795
2025-01-24,376.1561584472656,20126830
2025-01-27,375.19891357421875,9642515
2025-01-28,376.4652404785156,25786920
2025-01-29,382.966552734375,11758155
2025-01-30,379.2073669433594,21195905
2025-01-31,379.16748046875,11666145
2025-02-01,379.5264587402344,5481785
2025-02-03,375.817138671875,16599040
2025-02-04,384.59185791015625,26663090
2025-02-05,381.25146484375,17136925
2025-02-06,382.08905029296875,15969855
2025-02-07,384.7414245605469,22070870
2025-02-10,390.9036560058594,17846865
2025-02-11,382.6175537109375,17533410
2025-02-12,387.6729736328125,16095020
2025-02-13,393.4263610839844,63391865
2025-02-14,389.3581237792969,13050240
2025-02-17,387.94219970703125,11500595
2025-02-18,391.5418395996094,21720625
2025-02-19,395.859375,19570825
2025-02-20,392.9776611328125,23621860
2025-02-21,389.4877014160156,20042760
2025-02-24,392.0902404785156,11090405
2025-02-25,392.319580078125,20099470
2025-02-27,388.39093017578125,18540340
2025-02-28,379.49652099609375,34851575
2025-03-03,381.8198547363281,13038950
2025-03-04,380.4637451171875,15860250
2025-03-05,385.50921630859375,19058440
2025-03-06,383.2357482910156,25965465
2025-03-07,385.9678649902344,13901690
2025-03-10,383.2457275390625,11142670
2025-03-11,385.9280090332031,16035260
2025-03-12,395.37078857421875,33522470
2025-03-13,395.8793029785156,24628970
2025-03-17,397.4747009277344,15854645
2025-03-18,397.4747009277344,0
2025-03-19,403.14837646484375,26691440
2025-03-20,405.96026611328125,13416530
2025-03-21,414.6053466796875,94254040
2025-03-24,433.97955322265625,42541755
2025-03-25,432.7530822753906,36712165
2025-03-26,427.7475280761719,15084580
2025-03-27,424.5068359375,47106120
2025-03-28,432.99237060546875,18361265
2025-04-01,427.9468994140625,18754695
2025-04-02,429.68194580078125,10660960
2025-04-03,425.2945251464844,8470190
2025-04-04,425.1649475097656,18942015
2025-04-07,406.3990173339844,35695245
2025-04-08,409.84906005859375,20471695
2025-04-09,409.3604736328125,19597890
2025-04-11,421.02685546875,27973445
2025-04-15,422.82171630859375,28178320
2025-04-16,423.4598388671875,14498895
2025-04-17,436.3626708984375,26943160
2025-04-21,446.9920654296875,24432490
2025-04-22,452.456298828125,33664915
2025-04-23,444.12030029296875,17619395
2025-04-24,443.3226013183594,20842685
2025-04-25,439.61328125,10680015
2025-04-28,443.84112548828125,12190890
2025-04-29,439.73297119140625,15291325
2025-04-30,440.3511962890625,23114585
2025-05-02,435.08636474609375,9079030
2025-05-05,415.781982421875,44108085
2025-05-06,413.60821533203125,17025485
2025-05-07,417.7762145996094,18697280
2025-05-08,421.3060302734375,34624355
2025-05-09,419.4115295410156,23271500
2025-05-12,427.7674255371094,15109370
2025-05-13,421.9043273925781,21539120
2025-05-14,417.2776794433594,10687970
2025-05-15,420.0696105957031,21311795
2025-05-16,420.4285888671875,10289540
2025-05-19,421.02685546875,7528520
2025-05-20,416.8189697265625,19545490
2025-05-21,413.0697937011719,10708700
2025-05-22,411.97296142578125,16446640
2025-05-23,418.9528503417969,8254765
2025-05-26,416.6594543457031,10201425
2025-05-27,414.2862854003906,17299700
2025-05-28,413.6680603027344,8173180
2025-05-29,415.1238708496094,24936910
2025-05-30,413.7478332519531,49038640
2025-06-02,411.5342102050781,13505700
2025-06-03,407.7251892089844,32319090
2025-06-04,408.08416748046875,11655570
2025-06-05,406.8078308105469,18626660
2025-06-06,413.4885559082031,22121620
2025-06-09,426.4113464355469,28895440
2025-06-10,428.9839172363281,24578710
2025-06-11,427.8272705078125,8910305
2025-06-12,424.13787841796875,14890860
2025-06-13,420.26904296875,22336370
2025-06-16,426.57086181640625,14707980
2025-06-17,426.13214111328125,15541500
2025-06-18,425.25469970703125,19503255
2025-06-19,428.046630859375,17025995
2025-06-20,432.7131652832031,16863180
2025-06-23,435.5649719238281,8603070
2025-06-24,443.4422912597656,28022600
2025-06-25,438.39678955078125,17877145
2025-06-26,439.5135803222656,28350635
2025-06-27,440.311279296875,48247195
2025-06-30,431.4568176269531,18638285
2025-07-01,435.4652404785156,20128770
2025-07-02,432.5735778808594,9382555
2025-07-03,424.0980224609375,23336995
2025-07-04,424.7361755371094,8431075
2025-07-07,428.72467041015625,10852925
2025-07-08,443.6217346191406,37631455
2025-07-09,444.5789794921875,10104510
2025-07-10,439.49365234375,28609065
2025-07-11,442.8439636230469,13395830
2025-07-14,439.49365234375,11976685
2025-07-15,436.3626708984375,14870715
2025-07-16,434.627685546875,11438515
2025-07-17,432.9126281738281,10897805
2025-07-18,427.3621826171875,12832715
2025-07-21,432.2936706542969,9135495
2025-07-22,431.29541015625,7822810
2025-07-23,433.3318786621094,13952705
2025-07-24,427.681640625,10292000
2025-07-25,424.18768310546875,8727375
2025-07-28,392.6421203613281,69123495
2025-07-29,393.86004638671875,25219670
2025-07-30,391.2644958496094,17949955
2025-07-31,395.0379943847656,21519590
2025-08-01,397.7932434082031,13361865
2025-08-04,398.7116394042969,7716305
2025-08-05,399.9095764160156,12106660
2025-08-06,399.789794921875,13311395
2025-08-07,397.73333740234375,72760995
2025-08-08,389.8669128417969,10928645
2025-08-11,394.4989013671875,11012565
2025-08-12,391.1247253417969,7889120
2025-08-13,396.8548583984375,13733665
2025-08-14,394.9581298828125,9922965
2025-08-18,399.5901184082031,21519720
2025-08-19,405.2803039550781,15558845
2025-08-20,402.8045654296875,13134705
2025-08-21,402.8644714355469,14493935
2025-08-22,396.63525390625,8958465
2025-08-25,395.97637939453125,11849075
2025-08-26,392.46246337890625,18550690
2025-08-28,388.2696838378906,17989700
2025-08-29,391.3843078613281,15371790
2025-09-01,393.04144287109375,7891610
2025-09-02,387.8304443359375,12917095
2025-09-03,391.3643493652344,20037270
2025-09-04,389.2679443359375,9457295
2025-09-05,388.4294128417969,9906260
2025-09-08,389.3478088378906,12527790
2025-09-09,391.40423583984375,15873920
2025-09-10,393.9798278808594,42604510
2025-09-11,393.7801513671875,11816335
2025-09-12,393.7801513671875,18077285
2025-09-15,393.4806823730469,13098130
2025-09-16,403.64312744140625,20084385
2025-09-17,409.353271484375,23917190
2025-09-18,410.2117919921875,17420580
2025-09-19,405.49993896484375,22431125
2025-09-22,403.64312744140625,13229910
2025-09-23,408.83416748046875,25428240
2025-09-24,405.5598449707031,18394385
2025-09-25,402.0059814453125,20039275
2025-09-26,398.27239990234375,9595825
2025-09-29,397.6335144042969,26530510
2025-09-30,397.8531494140625,29309685
2025-10-01,411.94879150390625,30579755
2025-10-03,419.3759765625,23679650
2025-10-06,428.4602966308594,25764180
2025-10-07,424.6468811035156,12364695
2025-10-08,422.83001708984375,4402475
2025-10-09,428.1807861328125,15827485
2025-10-10,429.27886962890625,9681210
2025-10-13,429.6781921386719,10600020
2025-10-14,429.6182861328125,8022815
2025-10-15,429.1790466308594,11540535
2025-10-16,440.3197937011719,33692100
2025-10-17,440.3996887207031,16706510
2025-10-20,441.9969177246094,15207085
2025-10-21,438.6427001953125,1134020
2025-10-23,444.35284423828125,21496105
2025-10-24,436.6461486816406,16293685
2025-10-27,428.9794006347656,18599700
2025-10-28,431.4151916503906,23304345
2025-10-29,429.3587341308594,7088915
2025-10-30,426.70330810546875,12438465
2025-10-31,419.71539306640625,18931270
2025-11-03,421.97149658203125,7657265
2025-11-04,418.5973205566406,9581885
2025-11-06,415.92193603515625,11902845
2025-11-07,416.940185546875,7000945
2025-11-10,417.81866455078125,10866480
2025-11-11,416.6606750488281,10814210
2025-11-12,416.1814880371094,9035425
2025-11-13,414.32470703125,10711530
2025-11-14,415.22314453125,12202755
2025-11-17,419.8551330566406,25151640
2025-11-18,417.8985290527344,10300340
2025-11-19,420.4541015625,12464500
2025-11-20,419.0165710449219,36702845
2025-11-21,416.84033203125,39194210
2025-11-24,416.7405090332031,24922845
2025-11-25,413.26654052734375,15164895
2025-11-26,420.03485107421875,14896715
2025-11-27,421.3126220703125,20148975
2025-11-28,424.1477355957031,15840785
2025-12-01,428.77972412109375,16310160
2025-12-02,427.7415466308594,18294165
2025-12-03,428.4802551269531,14031015
2025-12-04,426.34393310546875,12871640
2025-12-05,430.23724365234375,9658475
2025-12-08,425.58526611328125,14960235
2025-12-09,424.8066101074219,16037550
2025-12-10,425.16595458984375,10941335
2025-12-11,435.28851318359375,24978600
2025-12-12,434.5697326660156,14312745
2025-12-15,435.50811767578125,13779900
2025-12-16,435.7277526855469,8544595
2025-12-17,433.89093017578125,8060720
2025-12-18,432.17388916015625,5633400
2025-12-19,431.1556396484375,11504670
2025-12-22,429.1990051269531,9041130
2025-12-23,431.7945251464844,8070815
2025-12-24,431.9941711425781,7791790
2025-12-26,432.0940246582031,3691745
2025-12-29,430.9759521484375,4858980
2025-12-30,429.7979736328125,28360690
2025-12-31,439.4613037109375,14284445
2026-01-01,442.7955322265625,6734875
2026-01-02,438.26336669921875,12238470
2026-01-05,437.4248046875,10914245
2026-01-06,428.5401611328125,26541035
2026-01-07,428.06097412109375,10561315
2026-01-08,425.8647766113281,11484710
2026-01-09,424.62689208984375,10319615
2026-01-12,425.9246826171875,12720435
2026-01-13,425.7848815917969,12717650
2026-01-14,420.2744140625,10818517
2026-01-15,420.2744140625,0
2026-01-16,417.479248046875,17993251
2026-01-19,426.16424560546875,22228439
2026-01-20,423.069580078125,18805991
2026-01-21,420.8733825683594,16386060
2026-01-22,425.26580810546875,10087657
2026-01-23,422.0713195800781,10548118
2026-01-27,407.9956359863281,47613963
2026-01-28,411.6892395019531,14823671
2026-01-29,411.6892395019531,26085514
2026-01-30,407.29681396484375,20681886
2026-02-02,407.4964904785156,15422034
2026-02-03,415.0833740234375,35396945
2026-02-04,411.63934326171875,14948177
2026-02-05,408.0455322265625,24814864
2026-02-06,421.6221008300781,21228778
2026-02-09,428.06097412109375,22538542
2026-02-10,428.5600891113281,18428055
2026-02-11,428.8096618652344,12299205
2026-02-12,425.515380859375,14003384
2026-02-13,419.9250183105469,23233320
2026-02-16,424.8664855957031,12403028
2026-02-17,423.7184753417969,6427007
2026-02-18,425.6152038574219,7333331
2026-02-19,415.6823425292969,6473423
2026-02-20,420.6238098144531,6603883
2026-02-23,429.95770263671875,10399627
2026-02-24,426.962890625,15016915
2026-02-25,424.2176208496094,10192468
2026-02-26,423.81829833984375,13417228
2026-02-27,414.48443603515625,17806739
2026-03-02,412.3880310058594,15236666
2026-03-04,402.65484619140625,18393751
2026-03-05,406.5980224609375,14963265
2026-03-06,399.1109313964844,17512726
2026-03-09,385.68414306640625,20275976
2026-03-10,391.1746520996094,21346381
2026-03-11,382.5395812988281,29991868
2026-03-12,374.6531677246094,25048123
2026-03-13,366.2177429199219,32179473
2026-03-16,369.21258544921875,27927294
2026-03-17,373.5550842285156,15176772
2026-03-18,374.75299072265625,15235416
2026-03-19,367.5155029296875,17308390
2026-03-20,366.117919921875,17077194
2026-03-23,355.93548583984375,16980244
2026-03-24,366.2177429199219,19990983
2026-03-25,370.4604187011719,42442702
2026-03-27,365.5189514160156,28928069
2026-03-30,352.7909240722656,39762775
2026-04-01,355.43634033203125,21245776
2026-04-02,357.38299560546875,22056018
2026-04-06,359.9285888671875,18320378
2026-04-07,362.3244934082031,23655155
2026-04-08,379.49481201171875,30162218
2026-04-09,371.259033203125,12422256
2026-04-10,373.9044494628906,23751660
2026-04-13,371.259033203125,30027087
2026-04-15,381.7409362792969,19100372
2026-04-16,378.4965515136719,12060624
2026-04-17,382.9388732910156,11626179
2026-04-20,378.5464782714844,11146713
2026-04-21,381.4913635253906,12323488
2026-04-22,376.2005310058594,14471487
2026-04-23,369.7616271972656,27628052
2026-04-24,370.2108459472656,19678907
2026-04-27,376.15057373046875,11559552
2026-04-28,377.2986145019531,12852733
2026-04-29,381.3416442871094,7913344
2026-04-30,382.6393737792969,24812228
2026-05-01,382.6393737792969,0
2026-05-04,371.00946044921875,74467483
2026-05-05,370.7099914550781,19084772
2026-05-06,375.9509582519531,36195481
2026-05-07,378.7461242675781,27286751
2026-05-08,380.1436767578125,16183126
2026-05-11,380.39324951171875,21347878
2026-05-12,375.35198974609375,13065308
2026-05-13,376.9991149902344,16267456
2026-05-14,382.5395812988281,10652514
2026-05-15,386.3829345703125,19461437
2026-05-18,391.1247253417969,14575831
2026-05-19,381.291748046875,22567886
2026-05-20,382.5395812988281,12342444
2026-05-21,380.1936340332031,10133840
2026-05-22,383.4879150390625,10348359
2026-05-25,392.1729431152344,15571552
2026-05-26,387.98016357421875,15059212
2026-05-27,388.03009033203125,9326451
2026-05-28,388.03009033203125,0
2026-05-29,383.537841796875,40109830
2026-06-01,376.7495422363281,12335552
2026-06-02,378.3966979980469,14834956
2026-06-03,380.3433532714844,14844206
2026-06-04,380.8424987792969,13889236
2026-06-05,376.79949951171875,10129597
2026-06-08,376.4500732421875,14460894
2026-06-09,381.04217529296875,13987913
2026-06-10,387.4311218261719,21427363
2026-06-11,392.6720886230469,16135289
2026-06-12,402.60491943359375,17227481
2026-06-15,405.0506896972656,14269679
2026-06-16,407.1470947265625,9079548
2026-06-17,403.8028564453125,11654415
2026-06-18,402.25555419921875,9342524
2026-06-19,398.5619201660156,17504009
2026-06-22,401.4569091796875,7158956
2026-06-23,400.957763671875,10077909
2026-06-24,405.2503662109375,11768059
2026-06-25,408.29510498046875,16587414
2026-06-26,408.29510498046875,0
2026-06-29,394.818359375,37210245
2026-06-30,391.573974609375,24824891
2026-07-01,399.7598571777344,21723944
2026-07-02,398.61181640625,12980945
2026-07-03,396.06622314453125,14747410
2026-07-06,380.642822265625,34164881
2026-07-07,381.04217529296875,23216875
2026-07-08,369.462158203125,22517529
2026-07-09,376.5,30720415
2026-07-10,376.94921875,15468937
2026-07-13,383.987060546875,14167721
2026-07-14,377.9974060058594,16237528
2026-07-15,377.7478332519531,8082156
2026-07-16,376.5,10889356
2026-07-17,389.95001220703125,17847316
2026-07-20,382.04998779296875,32539419
2026-07-21,385.95001220703125,17152911
2026-07-22,381.1499938964844,11688952
2026-07-23,383.3500061035156,12720546
2026-07-24,384.75,13308317
2026-07-27,384.6499938964844,16710096
2026-07-28,385.29998779296875,14247981
2026-07-29,390.20001220703125,9190194
2026-07-30,389.3999938964844,12205963
2026-07-31,390.29998779296875,7014637
